{"Min": 48.19010610433962, "Max": 70.04484455223232}
