{"Min": 38.28788748184953, "Max": 77.68149744886036}
