{"Min": 68.98601291289573, "Max": 75.64148555096786}
