{"Min": 70.04526389778881, "Max": 73.45659808692741}
