{"Min": 68.98601291289573, "Max": 75.64148555096786, "Decibels": [73.30349070828318, 72.04405057686648, 75.11695838912934, 72.33203963255016, 72.14634594814547, 71.77549196725793, 74.11911056843738, 73.50946728257021, 72.91515566578104, 73.0822828684606, 70.91169924797009, 75.00589120386293, 74.28786961212703, 73.87500913202202, 73.83108038829772, 71.93085788510959, 73.10939590471084, 72.12553589706933, 73.18994440658783, 74.08519147267343, 69.84792264653028, 72.88118157100622, 72.66644668193854, 71.97164868727468, 73.28041456152937, 71.27479134955809, 73.86329584429716, 74.79625171286276, 72.4440417356381, 72.81408494741436, 72.0928574305855, 74.2103464459852, 71.02855000191192, 74.53008733728284, 72.87421578314078, 73.48657005127288, 71.76230905707084, 71.86353976740098, 74.85560381237045, 72.27209062292721, 73.01497912953343, 72.90548089201492, 72.32119144385435, 72.26179067193264, 73.65401341987425, 71.4405426859784, 71.5288628026878, 73.58014803158883, 73.97344721669204, 72.15317050585263, 73.05966406420859, 73.49686077274575, 72.22017110320789, 73.49234348483104, 73.76454351922922, 73.67252330370482, 73.35671144089399, 73.3030953016385, 73.29860161945174, 71.97585835656463, 74.43584324717492, 72.0391144410143, 72.24818329117255, 71.43432896386273, 73.93289334662893, 73.96187783197144, 72.19085114850783, 74.029334424425, 73.11188380614931, 70.6611237892099, 73.35944519218953, 72.51915204682348, 71.46464700524027, 74.98597603386835, 73.74426280639409, 73.60426725332931, 72.77579786704752, 72.85032012682402, 72.59942369044161, 73.62585645134325, 72.31867536816611, 73.8696799992036, 71.31048800346153, 73.66570685618197, 74.57917758595539, 72.76323106515004, 73.78830544325128, 68.98601291289573, 73.45728099646638, 71.96281387115508, 71.7733719816644, 74.43459103425178, 73.3529556658238, 71.95001893203033, 73.05939311317799, 73.4386140263938, 72.611914482495, 73.5687585938325, 71.096461997883, 73.77914856858497, 71.45261250112652, 73.9782266382315, 73.01153339494488, 72.13510771041112, 74.3518891159676, 70.41104652423317, 74.54684263267742, 72.39063869921344, 70.88388048208174, 71.13717794685628, 73.51770457105633, 71.62214769276807, 71.7318454871931, 73.09303642599941, 72.60823330805087, 74.79942800691255, 72.37687524119522, 73.65566188295355, 72.97799453644194, 70.64009798257986, 73.67018065106699, 72.14910099384002, 73.09288878013543, 73.50102330756104, 73.43427265110829, 73.02128304481099, 72.17913420116803, 74.16707310336031, 72.69479436872574, 72.84738939697412, 72.70767013423256, 73.4931403776015, 73.79670081391217, 72.99179198566239, 72.20734406856096, 72.7583086078686, 73.41809478346687, 74.10088968217966, 72.28481794116588, 73.39530422054317, 74.72299673567473, 73.6814106023252, 70.47485342084875, 73.84572692719098, 72.67272355687213, 72.53989926910015, 74.11659413476738, 72.42164288037365, 71.27559888436028, 74.2507849394279, 73.71906238839065, 73.10326651290445, 70.62858641318796, 73.58518903986698, 72.65162006583374, 71.18942232585077, 73.18194125599686, 72.3948494709247, 73.72886367797717, 73.63036920572358, 71.7505951157177, 74.08285071915725, 72.38518298481185, 72.70660695529843, 73.21005484173256, 73.26044437616281, 71.0413693975193, 74.62529913530909, 72.61995268575578, 73.36508504181565, 73.2095836358384, 72.93375550199217, 74.76795686911333, 73.13305837769963, 71.84727563750747, 73.88762765509186, 71.38113620469537, 72.77662724338052, 75.39788898689565, 70.712336150495, 73.70951178467772, 73.28913314847985, 72.2268768193043, 75.64148555096786, 74.20839307144738, 72.87297992096278, 73.46192881998864, 72.04236168030508, 73.7799576528929, 73.98048638192816, 73.4195354741468, 73.76912274442549, 73.93199828206673, 72.97520521715177, 72.72401485373895, 74.22883652433988, 72.5424691504076, 72.97216284781781, 73.05018103342344, 73.52153429057893, 71.80115892586994, 71.86236187876071, 72.4848726979033, 73.56932700011039, 74.29889069292142, 72.78621509629271, 72.83757089055273, 73.15496811307882, 73.02713290186081, 73.62533836838142, 73.69662524081433, 72.3115382207441, 73.02450657083489, 74.05221108870488, 71.50252580936598, 73.87087281151891, 74.34714192746712, 71.84593149926945, 74.6373767482253, 73.36754513733258, 71.89507803034489, 73.94555706411754, 71.29489419677812, 73.71813284662704, 71.8801860494696, 74.46707853508005, 72.0974633537577, 73.88975520231551, 71.96986296328627, 72.55461213306265, 73.99090631607615, 70.87852623493548, 73.46470824416697, 73.18127889709822, 72.66543472182309, 71.9652196249271, 73.5825391715972, 72.51825984844926, 73.84711725029231, 71.51961858566175, 73.90090713868133, 71.15928578280405, 73.91108119568169, 72.87038626829559, 72.54326378089448, 72.61331850694762, 71.8521476665563, 73.8403378629488, 72.0640175983194, 73.92011158680864, 71.56639544227302, 72.19257188972205, 73.19073522456426, 72.2024285539114, 74.64709142973132, 73.95985286587221, 73.31310557863287, 72.93603018756342, 74.11224048480594, 71.2093483784403, 74.76126842215719, 73.92058211546674, 70.24313106038507, 72.77945679345976, 73.73476954271524, 71.30944664418917, 73.04690481238629, 73.53275871601446, 71.88453226522279, 74.94066612635231, 72.18234571965355, 74.9762342539057, 74.36461698184584, 70.7371739746267, 75.03536743965147, 72.77864628095507, 72.98969076467564, 72.51821655915623, 73.73746610102847, 74.2434302251853, 74.32731565779977, 71.35987766807995, 72.95410131866694, 72.38189170806619, 71.40393357812647, 73.18780581031109, 74.44221102432648, 71.88334204238355, 71.84619950850202, 72.84724307909943, 72.42649491568888, 73.05617905752601, 73.82826814023673, 70.61126258744478, 72.74934495334985, 73.37474096936111, 70.31766740674671, 73.50074905852965, 74.7123620291634, 71.79501177972847, 72.47677551022296, 73.31156471498072, 73.7047513574667, 73.32422380622248, 72.9738766736265, 72.90194825334977, 72.02033841101836, 74.94158282721935, 71.91414765851601, 73.95301767786708, 72.67587208107231, 72.84712020434883, 74.91306871202968, 70.27932231648207, 73.08908660876322, 73.40975908925674, 74.5026380016077, 71.94091302363582, 72.44369834632641, 71.81684527038206, 73.49741615029876, 73.0733529781838, 72.37359928344975, 73.21298089770322, 73.68726034897848, 72.16683104252189, 71.51914078225082, 74.62832419474493, 70.97322396914508, 74.27563450769964, 73.20896904182084, 70.64940087933778, 72.98787294364254, 71.77228257911486, 74.68559063823702, 74.47859826756599, 73.18808137363025, 73.01119668216121, 73.83317023363486, 72.68178874104935, 72.62799240081821, 73.79999326693041, 72.19845338899573, 73.42753585824315, 72.77878851520002, 74.84242921681323, 73.59525220799812, 71.67523560883835, 74.03642922323814, 73.06022287416086, 74.03828427555672, 74.6646021525184, 72.4343111820288, 73.16873367919528, 73.89228192897309, 71.13944822224134, 74.04921712180939, 73.57366578197212, 70.90590014895427, 73.4264967853951, 73.41414224051822, 74.00930783459187, 71.13749613761, 72.54551315575506, 72.90796563674232, 74.03364378572782, 73.08311595538814, 73.39131376563526, 71.0937559251825, 74.08524758914446, 74.30465648092188, 72.45406844994164, 74.30539979232564, 71.68189331564881, 73.75470652919667, 72.97679223693777, 72.28021340729458, 72.39142278630489, 72.57235320386569, 74.71472976499555, 72.66047517722114, 72.8566832119007, 73.6891826375257, 73.0502828040059, 71.91569269550546, 73.59744574421975, 71.06637443385046, 74.2079588139388, 73.90183781337845, 71.71998584742236, 71.75648052610407, 72.8920632398431, 74.01107551707157, 72.87254868700886, 73.51381152518127, 73.15694638317656, 73.12166244962206, 71.84486582861126, 72.25741964650945, 72.06016876693484, 72.63118796387671, 74.52266640822715, 74.6433856138317, 73.81047069022192, 72.82421978672288, 72.72752413735662, 73.72848878464426, 72.40624918751337, 74.17687591008452, 73.85576515364305, 73.56964467950701, 71.94620058214392, 73.46589444051244, 74.16729869625182, 72.71275865757927, 72.74532705346132, 73.69624903747665, 71.24914752033257, 74.73894679684517, 74.3642983888235, 71.75078839680711, 